{"cameraMode":{"drawMode":0,"name":"Shaded","section":"Shading Mode"},"sceneLighting":true,"audioPlay":false,"sceneViewState":{"showFog":true,"showMaterialUpdate":false,"showSkybox":true,"showFlares":true,"showImageEffects":true,"showParticleSystems":true},"in2DMode":false,"pivot":{"x":-1.592092752456665,"y":2.253143072128296,"z":6.107941150665283},"rotation":{"x":-0.19797080755233766,"y":-0.7996353507041931,"z":0.36468109488487246,"w":-0.43416517972946169},"size":2.5980794429779054,"orthographic":false}