{"cameraMode":{"drawMode":0,"name":"Shaded","section":"Shading Mode"},"sceneLighting":true,"audioPlay":false,"sceneViewState":{"showFog":true,"showMaterialUpdate":false,"showSkybox":true,"showFlares":true,"showImageEffects":true,"showParticleSystems":true},"in2DMode":false,"pivot":{"x":-0.6039445400238037,"y":0.3508419990539551,"z":1.3073338270187379},"rotation":{"x":-0.3252660632133484,"y":0.6521577835083008,"z":-0.3668422996997833,"w":-0.5782302021980286},"size":1.2247449159622193,"orthographic":false}