{"cameraMode":{"drawMode":0,"name":"Shaded","section":"Shading Mode"},"sceneLighting":false,"audioPlay":false,"sceneViewState":{"showFog":true,"showMaterialUpdate":false,"showSkybox":false,"showFlares":true,"showImageEffects":true,"showParticleSystems":true},"in2DMode":false,"pivot":{"x":73.76194763183594,"y":79.21055603027344,"z":12.607574462890625},"rotation":{"x":0.0037997281178832056,"y":-0.939689040184021,"z":-0.01043100655078888,"w":-0.3418505787849426},"size":15.576905250549317,"orthographic":false}